Sentence,Entities,Document_ID,Entity_Texts,matched_entities
Both the labor force participation rate and the employment-to- population ratio declined a little over the past two months.,"(('Employment', -0.33), ('Labor Market', -0.34), ('Economy', -0.15))",fomcminutes20221214.pdf,"['Employment', 'Labor Market', 'Economy']",[]
"So there isn’t a— you know, there’s not a dollar amount or a percent of GDP or anything like that where we think we have a really pretty clear understanding of that.","(('GDP', 0),)",FOMCpresconf20240320.pdf,['GDP'],['GDP']
"riod against the backdrop of progress on COVID-19 vaccinations, signs of stronger domestic spending, and additional fiscal stimulus.",,fomcminutes20210317.pdf,[],['Fiscal Policy']
"Unemployment, though, if you look at the projection for the full year of 4.0 percent, in February, we were already at 3.9 percent, so quite close to the median projection.","(('Unemployment', 0.33),)",FOMCpresconf20240320.pdf,['Unemployment'],['Unemployment']
Page 10 of 24 would get more confidence at the end of this year.,"(('', ''),)",FOMCpresconf20240320.pdf,[''],[]
"Foreign financial conditions broadly eased over the in- termeeting period, largely driven by lower-than-expected U.S. inflation data.","(('Financial Markets', 0.65), ('Inflation', 0.65), ('Economy', 0.65), ('Countries', 0.0))",fomcminutes20221214.pdf,"['Financial Markets', 'Inflation', 'Economy', 'Countries']",['Price Stability']
"In addition, the Committee will continue reducing its holdings of Treasury securities and agency debt and agency mortgage‑backed securities.","(('Federal Reserve', 0.468),)",monetary20240731a1.pdf,['Federal Reserve'],"['Mortgage-Backed Securities', 'Treasury Securities', 'Federal Open Market Committee(FOMC)', 'Securities', 'Security holdings']"
More information regarding open market operations and reinvestments may be found on the Federal Reserve Bank of New York’s website.,"(('Federal Reserve', 0.922),)",monetary20211103a1.pdf,['Federal Reserve'],"['Federal Open Market Committee(FOMC)', 'Federal Reserve', 'Equity Markets', 'Financial Markets', 'Reinvestment']"
"We’ve got nine months of 2½ percent inflation now, and we’ve had two months of kind of bumpy inflation.","(('Inflation', 0.111),)",FOMCpresconf20240320.pdf,['Inflation'],['Inflation']
"Hi, Chris Rugaber, the Associated Press.","(('', ''),)",FOMCpresconf20240320.pdf,[''],['Press Conference']
"In support of its goals, the Committee decided to maintain the target range for the federal funds rate at 4-1/4 to 4-1/2 percent.","(('Federal Reserve', 0.684),)",monetary20250507a1.pdf,['Federal Reserve'],"['Federal Funds Target', 'Federal Funds Rate', 'Federal Open Market Committee(FOMC)', 'Dual Mandate']"
"We’re trying to do that in a way that sustains the strong growth we’re seeing, the strong labor market we’re seeing, but allows us to make further progress with inflation.","(('Inflation', -0.719),)",FOMCpresconf20240320.pdf,['Inflation'],"['maximum employment', 'Dual Mandate', 'Price Stability', 'Inflation', 'Monetary Policy']"
The U.S. banking system is sound and resilient.,"((' Banking System', 0),)",monetary20231213a1.pdf,[' Banking System'],"['Banking System', 'Financial Stability', 'Federal Reserve']"
"And I think the historical record, it’s—every situation is different, but the historical record is that you need to approach that question carefully and try to get it right the first time and not have to come back and raise rates again perhaps if you cut inappropriately— prematurely.","(('', ''),)",FOMCpresconf20240320.pdf,[''],[]
And so— STEVE LIESMAN.,"(('', ''),)",FOMCpresconf20240320.pdf,[''],[] 
CHAIR POWELL.,"(('', ''),)",FOMCpresconf20240320.pdf,[''],"['Chair', 'Powell']"
Credit availability for households with lower credit scores was considerably tighter at levels comparable with what prevailed before the pandemic.,"(('Credit', -0.7), ('Finance', -0.6), ('Economy', -0.5), ('Pandemic', 0.0))",fomcminutes20221214.pdf,"['Credit', 'Finance', 'Economy', 'Pandemic']",['Pandemic']
Conduct standing overnight reverse repurchase agreement operations at an offering rate of 5.3 percent and with a per-counterparty limit of $160 billion per day.,"(('', ''),)",monetary20240731a1.pdf,[''],"['repurchase agreement', 'Overnight Rate', 'Repurchase Agreement (repo) Rates', 'Repo Markets']"
But not every day and in every way.,"(('', ''),)",FOMCpresconf20240320.pdf,[''],[]
"With progress on vaccinations and strong policy support, indicators of economic activity and employment have continued to strengthen.","(('Employment', -0.926), ('Economy', -0.926),)",monetary20211103a1.pdf,"['Employment', 'Economy']","['Development', 'Economic outlook', 'Employment']"
"Of course, initial claims are very, very low and, if anything, have tracked down a little bit.","(('', ''),)",FOMCpresconf20240320.pdf,[''],[]
"That’s how we can best serve the public and leave the other issues, which in many cases are incredibly important, such as those you mentioned, leave those to the people who have responsibility for those.","(('', ''),)",FOMCpresconf20240320.pdf,[''],[]
"It isn’t—it wasn’t so much in the banking system as it was around, for example, where federal funds are trading relative to the administered rates and where secured rates are relative to the administered rates.","(('Regulatory Implementation', 0),)",FOMCpresconf20240320.pdf,['Regulatory Implementation'],"['Federal Funds Rate', 'Federal Funds Target', 'Interest Rates', 'Monetary Policy', 'Federal Reserve']"
"Nominal nonresidential construction spending rose somewhat in January, but investment in nonresidential structures out- side of the drilling and mining sector looked to remain weak in the current quarter after declining further in the fourth quarter, reflecting continued hesitation by busi- nesses to commit to building projects with lengthy times to completion and uncertain future returns.","(('Investment',-0.9),('('Growth',-0.33)( 'Economy',-0.33)，（‘Expectation’，-0.66）,（'Risk'),-0.66)",fomcminutes20210317.pdf,[],['Cyclically Sensitive Sectors']
"So you have a, you know, a slower pace of runoff, which we’ll have fairly soon.","(('Asset Runoff', 0),)",FOMCpresconf20240320.pdf,['Asset Runoff'],['Asset Runoff']
Steve Matthews with Bloomberg.,"(('', ''),)",FOMCpresconf20240320.pdf,[''],[]
standing.,,fomcminutes20210317.pdf,[],[]
"By contrast, the employment cost index of total hourly compensation in the private sector rose 2.6 percent over the 12 months of last year, and a staff estimate of the 12-month change in the median wage derived from the ADP data was 3.2 percent in Jan- uary.","(('Employment',0.33),( 'Average Hourly Earnings',0.5))",fomcminutes20210317.pdf,"['Employment', 'Average Hourly Earnings']","['Average Hourly Earnings', 'Labor Market']"
"In our SEP, FOMC participants wrote down their individual assessments of an appropriate path for the federal funds rate based on what each participant judges to be the most likely scenario going forward.","(('Federal Reserve', 0.701), ('Interest Rates', 0.854),)",FOMCpresconf20240320.pdf,"['Federal Reserve', 'Interest Rates']","['Federal Open Market Committee(FOMC)', 'Federal Funds Target', 'Federal Funds Rate']"
"Based on discussions with District con- tacts as well as a survey of firms’ chief financial officers, some participants commented that while businesses were generally optimistic about their own prospects, they expressed increasing concern about the general eco- nomic outlook for 2023.","(('Expectation', -0.3), ('Economy', -0.4), ('Growth', -0.3))",fomcminutes20221214.pdf,"['Expectation', 'Economy', 'Growth']","['Economic outlook', 'Expectation', 'Uncertain', 'Risk', 'Cyclically Sensitive Sectors']"
"On a four-quarter change basis, total PCE price inflation was expected to be 5.5 percent in 2022, while core infla- tion was expected to be 4.7 percent, both lower than in the November projection.","(('Inflation', 0.5), ('Personal Consumption Expenditures (PCE)', 0.5), ('Expectation', 0.4))",fomcminutes20221214.pdf,"['Inflation', 'Personal Consumption Expenditures (PCE)', 'Expectation']","['Personal Consumption Expenditures (PCE)', 'Inflation']"
"Inflation is elevated, largely reflecting factors that are expected to be transitory.","(('Inflation', -0.49), ('Transitory', -0.49),)",monetary20211103a1.pdf,"['Inflation', 'Transitory']","['Inflation', 'Transitory', 'maximum employment', 'Price Stability', 'Personal Consumption Expenditures (PCE)']"
Infla- tion continued to run below 2 percent.,"(('Inflation',-0.66))",fomcminutes20210317.pdf,[],[]
"In addition to changes to the ON RRP parameters, the deputy manager also noted that the Federal Reserve could consider adjusting its administered rates if undue downward pressure on overnight rates emerged.","(('Repurchase Agreement (repo) Rates',0),( 'Overnight Rate',-0.5))",fomcminutes20210317.pdf,"['Repurchase Agreement (repo) Rates', 'Overnight Rate']","['Overnight Reverse Repurchase Agreement (ON RRP)', 'Federal Funds Rate', 'domestic policy directive', 'Overnight Rate', 'Federal Funds Target']"
That’s really what I was thinking.,"(('', ''),)",FOMCpresconf20240320.pdf,[''],[]
You’re seeing big increases in supply.,"(('Trade', 1),)",FOMCpresconf20240320.pdf,['Trade'],[]
"The—if you look at the incoming inflation data that we’ve had for January and February, I think very broadly that suggests that we were right to wait until we’re more confident.","(('Inflation', 0.33),)",FOMCpresconf20240320.pdf,['Inflation'],['Price Stability']
"The Board of Governors also voted unan- imously to approve establishment of the primary credit rate at the existing level of 0.25 percent, effective March 18, 2021.","((''credit ''),)",fomcminutes20210317.pdf,[],['Board']
"Overall, the credit quality of mu- nicipalities remained robust amid strong revenues at state and local governments.","(('Credit', 0.8), ('Finance', 0.7), ('Economy', 0.7))",fomcminutes20221214.pdf,"['Credit', 'Finance', 'Economy']",['Credit']
Several participants commented that they saw diminished risks of severe dis- ruption from the European Union’s embargo and the Group of Seven’s price cap on Russian oil exports.,"(('Risk', 0.6), ('Energy Prices', 0.4), ('Economy', 0.3))",fomcminutes20221214.pdf,"['Risk', 'Energy Prices', 'Economy']",[]
"o Engage in dollar roll and coupon swap transactions as necessary to facilitate settlement of the Federal Reserve's agency MBS transactions.""","(('Federal Reserve', 0.84), ('Securities', 0.84), ('MBS', 0.84),)",monetary20250129a1.pdf,"['Federal Reserve', 'Securities', 'MBS']","['SOMA', 'Interest on Excess Reserves (IOER)', 'Treasury Securities', 'Repurchase Agreement (repo) Rates']"
"In the near term, the 12-month change in PCE prices was expected to move above 2 percent as the low inflation readings from the spring of last year drop out of the calculation.","(('Inflation',-0.66),('Price Stability',-0.99),('Personal Consumption Expenditures (PCE)',0))",fomcminutes20210317.pdf,"['Inflation', 'Price Stability', 'Personal Consumption Expenditures (PCE)']","['Personal Consumption Expenditures (PCE)', 'Inflation']"
"The economic outlook is uncertain, and the Committee is attentive to the risks to both sides of its dual mandate.","(('Federal Reserve', 0.58), ('Economy', 0.565),)",monetary20240731a1.pdf,"['Federal Reserve', 'Economy']","['Uncertain', 'Risk', 'Dual Mandate', 'Economic outlook']"
"Consistent with the decline in volatility, model-based measures suggested that a drop in term premiums accounted for much of the decline in Treasury yields over the period.","(('Interest Rates', -0.05), ('Yields', -0.05))",fomcminutes20221214.pdf,"['Interest Rates', 'Yields']","['Term Premium', 'Treasury Securities']"
Participants recognized that Russia’s war against Ukraine was causing tremendous human and economic hardship.,"(('War', -0.9), ('Economy', -0.7), ('Risk', -0.7))",fomcminutes20221214.pdf,"['War', 'Economy', 'Risk']",['War']
"Thank you, Chair Powell.","(('', ''),)",FOMCpresconf20240320.pdf,[''],"['Chair', 'Powell']"
"In addition, the volume of nonfinancial corpo- rate credit rating upgrades modestly outpaced down- grades over the first two months of 2021.","(('Credit', 0.33),('Economy', 0.33),('Expectation', 0.33))",fomcminutes20210317.pdf,"['Credit', 'Economy', 'Expectation']",[]
"And then it would be very hard to restart, we think.","(('', ''),)",FOMCpresconf20240320.pdf,[''],[]
"Inflation remained el- evated, reflecting supply and demand imbalances related to the pandemic, higher food and energy prices, and broader price pressures.","(('Inflation', -0.8), ('Pandemic', -0.6), ('Demand', -0.5), ('Energy Prices', -0.6), ('Economy', -0.6))",fomcminutes20221214.pdf,"['Inflation', 'Pandemic', 'Demand', 'Energy Prices', 'Economy']","['Inflation', 'Price Stability', 'Transitory', 'Energy Prices', 'Monetary Policy']"
"The manager pro tem noted that if transitory pressures emerged in money markets, the Federal Reserve’s backstop facilities are available to support effective policy implementation and smooth market functioning.","(('Federal Reserve', 0.10), ('Monetary Policy', 0.10), ('Money Markets', -0.05))",fomcminutes20221214.pdf,"['Federal Reserve', 'Monetary Policy', 'Money Markets']","['Federal Reserve', 'Monetary Policy', 'domestic policy directive', 'Overnight Reverse Repurchase Agreement (ON RRP)', 'Reserves']"
"At this meeting, we discussed issues related to slowing the pace of decline in our securities holdings.","(('', ''),)",FOMCpresconf20240320.pdf,[''],"['Financial Markets', 'Cyclically Sensitive Sectors']"
"So that—our, our longer-run goal is to return to a balance sheet that is mostly Treasuries.","(('Balance Sheet', 0),('Treasury Securities',0))",FOMCpresconf20240320.pdf,"['Balance Sheet', 'Treasury Securities']","['Balance Sheet', 'Asset Runoff', 'Treasury Securities', 'Balance', 'Reinvestment']"
This information will be updated as appropriate to reflect decisions of the Federal Open Market Committee or the Board of Governors regarding details of the Federal Reserve's operational tools and approach used to implement monetary policy.,"(('Federal Reserve', 0.925), ('Monetary Policy', 0.909), ('Federal Open Market Committee(FOMC)', 0.925),)",monetary20250129a1.pdf,"['Federal Reserve', 'Monetary Policy', 'Federal Open Market Committee(FOMC)']","['domestic policy directive', 'Federal Reserve', 'Board', 'Federal Open Market Committee(FOMC)', 'Monetary Policy']"
The Committee seeks to achieve maximum employment and inflation at the rate of 2 percent over the longer run.,"(('Federal Reserve', 0.597), ('Inflation', 0.66), ('Employment', 0.648),)",ARP_07.2023.pdf,"['Federal Reserve', 'Inflation', 'Employment']","['maximum employment', 'Dual Mandate', 'Federal Open Market Committee(FOMC)', 'Inflation']"
"C&I loans continued to grow in October and November but decelerated relative to the third-quarter pace, moderating the robust rate of growth observed earlier this year.","(('Economy', 0.32))",fomcminutes20221214.pdf,[],[]
"For commercial real estate (CRE) financed through cap- ital markets, financing conditions remained accommo- dative over the intermeeting period.","(('Economy',0.33),('Expectation', 0.33))",fomcminutes20210317.pdf,"['Economy', 'Expectation']","['Market Liquidity', 'Money Market', 'Asset Runoff', 'Finance']"
"The longer-run projections represented each participant’s assessment of the rate to which each variable would be expected to converge, over time, un- der appropriate monetary policy and in the absence of further shocks to the economy.","(('Expectation', 0.4), ('Monetary Policy', 0.3), ('Economy', 0.3))",fomcminutes20221214.pdf,"['Expectation', 'Monetary Policy', 'Economy']","['Economic outlook', 'Monetary Policy', 'domestic policy directive']"
A couple of participants remarked that excess savings likely would continue to support con- sumption spending for a while.,"(('Expectation', 0.5), ('Growth', 0.4), ('Economy', 0.4))",fomcminutes20221214.pdf,"['Expectation', 'Growth', 'Economy']",[]
"Alongside the rise in U.S. yields, broad U.S. equity price indexes increased moderately, with the largest gains in cyclically sensitive sectors.","(('Federal Open Market Committee(FOMC)', 0), ('Yields', 0.9),('Cyclically Sensitive Sectors',1))",fomcminutes20210317.pdf,"['Federal Open Market Committee(FOMC)', 'Yields', 'Cyclically Sensitive Sectors']","['Yields', 'Financial Markets']"
"Participants generally noted that the Commit- tee’s future decisions regarding policy would continue to be informed by the incoming data and their implications for the outlook for economic activity and inflation, and that the Committee would continue to make decisions meeting by meeting.","(('Monetary Policy', 0.6), ('Expectation', 0.5), ('Economy', 0.5), ('Inflation', 0.4))",fomcminutes20221214.pdf,"['Monetary Policy', 'Expectation', 'Economy', 'Inflation']","['Press Conference', 'Economic outlook', 'Expectation']"
Members anticipated that ongoing increases in the target range would be ap- propriate in order to attain a stance of monetary policy that is sufficiently restrictive to return inflation to 2 per- cent over time.,"(('Inflation', -0.152), ('Monetary Policy', 0.627),)",fomcminutes20221214.pdf,"['Inflation', 'Monetary Policy']","['Inflation', 'domestic policy directive', 'Dual Mandate', 'Monetary Policy', 'Price Stability']"
The Committee is attentive to the risks to both sides of its dual mandate and judges that the risks of higher unemployment and higher inflation have risen.,"(('Federal Reserve', 0.534), ('Inflation', -0.298), ('Unemployment', -0.593), ('Risk', 0.534), ('Dual Mandate', 0.534),)",monetary20250507a1.pdf,"['Federal Reserve', 'Inflation', 'Unemployment', 'Risk', 'Dual Mandate']",['Dual Mandate']
"The Board of Governors of the Federal Reserve System voted unanimously to maintain the interest rate paid on required and excess reserve balances at 0.10 percent, effective April 30, 2020.","(('Federal Reserve', 0.0), ('Interest Rates', 0.0), ('Monetary Policy', 0.0), ('Reserve', 0.0))",ARP_04.2020.pdf,"['Federal Reserve', 'Interest Rates', 'Monetary Policy', 'Reserve']","['Federal Funds Rate', 'Interest on Excess Reserves (IOER)', 'Board', 'Interest Rates', 'Federal Reserve']"
"In particular, the concentration of job losses among lower-wage workers since early last year had resulted in outsized increases in average hourly earnings and com- pensation per hour that were not indicative of tight labor market conditions.","(('Average Hourly Earnings',-0.1),( 'Employment',-0.5))",fomcminutes20210317.pdf,"['Average Hourly Earnings', 'Employment']","['Average Hourly Earnings', 'Labor Market', 'Unemployment', 'HIRE', 'Employment']"
"March 20, 2024 Chair Powell’s Press Conference FINAL Page 3 of 24 The Committee decided at today’s meeting to maintain the target range for the federal funds rate at 5¼ to 5½ percent and to continue the process of significantly reducing our securities holdings.","(('Federal Reserve', 0.812),)",FOMCpresconf20240320.pdf,['Federal Reserve'],"['Federal Funds Target', 'Powell', 'Federal Open Market Committee(FOMC)', 'Chair', 'Federal Funds Rate']"
"We’ll look at the totality of the data, including everything essentially as we make that assessment.","(('', ''),)",FOMCpresconf20240320.pdf,[''],[]
"We’re looking at what would be a good time and what would be a good structure, and “fairly soon” is words that we use to mean fairly soon.","(('', ''),)",FOMCpresconf20240320.pdf,[''],[]
"o Allow modest deviations from stated amounts for reinvestments, if needed for operational reasons.","(('Monetary Policy', 0.0), ('Reinvestments', 0.0))",monetary20220504a1.pdf,"['Monetary Policy', 'Reinvestments']","['Reinvestment', 'Market Liquidity']"
Developments in Financial Markets and Open Market Operations The manager turned first to a discussion of financial market developments.,"(('', ''),)",fomcminutes20210317.pdf,[''],"['Financial Markets', 'Equity Markets', 'Market Liquidity', 'Bond Market', 'Finance', 'Finance', 'Financial Markets', 'Money Market', 'Bond Market']"
"For media inquiries, please email media@frb.gov or call 202-452-2955.","(('', ''),)",ARP_07.2023.pdf,[''],['Press Conference']
"Job gains have been robust in recent months, and the unemployment rate has remained low.","(('Employment', -0.929), ('Unemployment', -0.629),)",ARP_07.2023.pdf,"['Employment', 'Unemployment']","['Unemployment', 'maximum employment']"
"In addition, inflation was forecast to be temporarily boosted this year by the expected emergence of some production bottlenecks and supply constraints.","(('Inflation',0.33),('Expectation',0.33),('Risk', -0.2))",fomcminutes20210317.pdf,"['Inflation', 'Expectation', 'Risk']","['Inflation', 'Price Stability', 'Transitory', 'Economic outlook', 'maximum employment']"
"Fi- nancing conditions for businesses with access to capital markets and households with high credit scores re- mained broadly accommodative, but conditions stayed tight for other borrowers.",,fomcminutes20210317.pdf,[],"['Financial Stability', 'Credit', 'Mortgage-Backed Securities', 'Federal Funds Target', 'Mortgage']"
Both market- and survey-based measures con- tinued to point to expectations for a moderation of in- flation over the coming year.,"(('Inflation', 0.10))",fomcminutes20221214.pdf,[],[]
There were no intervention operations in foreign currencies for the System’s account during the intermeeting period.,"(('Monetary Policy', 0.0), ('Countries', 0.0), ('Foreign Currencies', 0.0))",fomcminutes20221214.pdf,"['Monetary Policy', 'Countries', 'Foreign Currencies']",['Foreign Currencies']
Redeem Treasury coupon securities up to this monthly cap and Treasury bills to the extent that coupon principal payments are less than the monthly cap.,"(('Securities', 0),)",monetary20250507a1.pdf,['Securities'],"['Treasury Securities', 'Repurchase Agreement (repo) Rates', 'Bond Market', 'Repo Markets']"
We are fully committed to returning inflation to our 2 percent goal.,"(('Inflation', -0.716),)",FOMCpresconf20240320.pdf,['Inflation'],"['Dual Mandate', 'Monetary Policy', 'Price Stability', 'Inflation', 'maximum employment']"
"Then, though, you reach a point ultimately where you stop allowing the balance sheet to run off and you—but then, from that point, there’s another period in which nonreserves—nonreserve liabilities grow organically, like currency, and that also shrinks the reserves at a very slow pace.","(('Balance Sheet', 0),)",FOMCpresconf20240320.pdf,['Balance Sheet'],"['Asset Runoff', 'Balance Sheet', 'Balance', 'Reserves', 'Interest on Excess Reserves (IOER)']"
Many participants highlighted that the Committee needed to continue to balance two risks.,"(('', ''),)",fomcminutes20221214.pdf,[''],['Risk']
"Amid stable market conditions, there was no take-up in the Money Market Mutual Fund Liquidity Fa- cility or the Commercial Paper Funding Facility.","(('Money Market',0.66),('Risk',0.33),",fomcminutes20210317.pdf,[],"['Market Liquidity', 'Money Market', 'Asset Runoff']"
Can you reconcile these views for me?,"(('', ''),)",FOMCpresconf20240320.pdf,[''],[]
"The revised FOIA rules, which include a range of minor and technical updates, will become effective 30 days after the forthcoming pub- lication of the final rule in the Federal Register.","(('Regulatory Implementation', 0))",fomcminutes20210317.pdf,[],[]
Staff indicated that they would con- tinue to monitor money market conditions closely as bal- ance sheet reduction proceeds.,"(('Monetary Policy', 0.0), ('Money Market', 0.0), ('Balance Sheet', 0.24))",fomcminutes20221214.pdf,"['Monetary Policy', 'Money Market', 'Balance Sheet']",[]
"Moreover, additional federal support for state and local governments included in the ARP, along with an improved outlook for state and local tax reve- nues, pointed to further notable increases in state and local purchases. Data for December and January showed a narrower nominal U.S. international trade deficit than in Novem- ber.","(('Fiscal Policy',0.66),( 'Expectation',0.33),('Economy',0.33),('Growth',0.33))",fomcminutes20210317.pdf,"['Fiscal Policy', 'Expectation', 'Economy', 'Growth']",['Trade']
"The sectors most adversely affected by the pandemic have improved in recent months, but the summer’s rise in COVID-19 cases has slowed their recovery.","(('Coronavirus', 0),)",monetary20211103a1.pdf,['Coronavirus'],['Pandemic']
This information will be updated as appropriate to reflect decisions of the Federal Open Market Committee or the Board of Governors regarding details of the Federal Reserve's operational tools and approach used to implement monetary policy.,"(('Federal Reserve', 0), ('Monetary Policy', 0))",ARP_07.2023.pdf,"['Federal Reserve', 'Monetary Policy']","['domestic policy directive', 'Federal Reserve', 'Board', 'Federal Open Market Committee(FOMC)', 'Monetary Policy']"
"After narrowing in the third quarter, the nominal U.S. international trade deficit widened in October.","(('Trade', -0.35), ('Economy', -0.25), ('GDP', -0.25), ('Countries', 0.0))",fomcminutes20221214.pdf,"['Trade', 'Economy', 'GDP', 'Countries']",['Trade']
"Auto loan balances continued to grow in January, while credit card balances declined.","(('Credit',-0.66),('Risk', -0.33))",fomcminutes20210317.pdf,"['Credit', 'Risk']",[]
The information available at the time of the Decem- ber 13–14 meeting suggested that U.S. real gross domes- tic product (GDP) was increasing at a modest pace in the fourth quarter of 2022 after expanding strongly in the third quarter.,"(('GDP', 0.36), ('Countries', 0.0), ('Economy', 0.34))",fomcminutes20221214.pdf,"['GDP', 'Countries', 'Economy']","['Growth', 'GDP', 'Cyclically Sensitive Sectors']"
"As of February, payroll employment had re- traced somewhat more than half of the losses seen since the onset of the pandemic.","(('Employment',0.66),( 'Pandemic',-0.2))",fomcminutes20210317.pdf,"['Employment', 'Pandemic']","['Pandemic', 'Average Hourly Earnings']"
"My colleagues and I are acutely aware that high inflation imposes significant hardship as it erodes purchasing power, especially for those least able to meet the higher costs of essentials like food, housing, and transportation.","(('Inflation', 0.429),)",FOMCpresconf20240320.pdf,['Inflation'],"['Inflation', 'maximum employment', 'Price Stability', 'Transitory', 'Dual Mandate']"
"Market depth became thin, and bid-ask spreads widened, but Treasury market liquidity gradually recov- ered over the following days.","(('Market Liquidity',-0.33), ('Risk',-0.5))",fomcminutes20210317.pdf,"['Market Liquidity', 'Risk']","['Market Liquidity', 'auction']"
Inflation remains elevated.,"(('Inflation', -0.481),)",ARP_07.2023.pdf,['Inflation'],"['Inflation', 'maximum employment', 'Price Stability', 'Transitory', 'Personal Consumption Expenditures (PCE)']"
"Investors reacted positively to news of an easing of COVID restrictions in China, which drove risky asset prices significantly higher despite near-term challenges associated with the health policy shift.","(('Countries', 0.0), ('Pandemic', 0.66), ('Risk', -0.55), ('Economy', 0.65), ('Financial Markets', 0.64), ('Pandemic', 0.05))",fomcminutes20221214.pdf,"['Countries', 'Pandemic', 'Risk', 'Economy', 'Financial Markets', 'Pandemic']","['Pandemic', 'Risk']"
"Real goods imports rose, driven by increases in imports of industrial supplies, which more than offset declines in imports of capital goods and consumer goods.","(('Trade', 0.05), ('Economy', 0.05), ('GDP', 0.02), ('Countries', 0.0))",fomcminutes20221214.pdf,"['Trade', 'Economy', 'GDP', 'Countries']","['Trade', 'Inflation']"
"Assets under management (AUM) of government money market funds (MMFs) rose over the intermeeting period, whereas AUM of prime MMFs declined somewhat.","(('Money Market',0.33),('Risk',-0.33))",fomcminutes20210317.pdf,"['Money Market', 'Risk']","['Money Market', 'Finance', 'Federal Funds Rate', 'Market Liquidity']"
Consumer price inflation through January—as measured by the 12-month percentage change in the price index for personal consumption expenditures (PCE)—re- mained well below 2 percent.,"(('Price Stability',0),( 'Inflation',-0.9))",fomcminutes20210317.pdf,"['Price Stability', 'Inflation']","['Personal Consumption Expenditures (PCE)', 'Inflation', 'Price Stability', 'Demand']"
"On balance, the unemployment rate for Af- rican Americans edged down over those two months, while the unemployment rate for Hispanics increased slightly; the unemployment rates for both groups re- mained above the national measure.","(('Unemployment', -0.32), ('Labor Market', -0.27), ('Economy', -0.15))",fomcminutes20221214.pdf,"['Unemployment', 'Labor Market', 'Economy']",['Unemployment']
"In support of these goals, members agreed to raise the target range for the federal funds rate to 4¼ to 4½ percent.","(('Federal Reserve', 0),)",fomcminutes20221214.pdf,['Federal Reserve'],"['Federal Funds Target', 'Federal Funds Rate', 'Federal Open Market Committee(FOMC)']"
"Participants observed that the labor market had re- mained very tight, with the unemployment rate near a historically low level, robust payroll gains, a high level of job vacancies, and elevated nominal wage growth.","(('Labor Market', 0.8), ('Unemployment', 0.8), ('Employment', 0.8), ('Economy', 0.7))",fomcminutes20221214.pdf,"['Labor Market', 'Unemployment', 'Employment', 'Economy']","['Labor Market', 'Unemployment', 'HIRE', 'maximum employment', 'Employment']"
"The Committee anticipates that ongoing in- creases in the target range will be appropriate in 5 In taking this action, the Board approved requests to estab- lish that rate submitted by the Boards of Directors of the Fed- order to attain a stance of monetary policy that is sufficiently restrictive to return inflation to 2 percent over time.","(('Federal Reserve', 0.062), ('Inflation', 0.103), ('Monetary Policy', 0.149),)",fomcminutes20221214.pdf,"['Federal Reserve', 'Inflation', 'Monetary Policy']","['Federal Funds Target', 'domestic policy directive', 'Monetary Policy', 'Federal Open Market Committee(FOMC)', 'Price Stability']"
More information regarding open market operations and reinvestments may be found on the Federal Reserve Bank of New York’s website.,"(('Federal Reserve', 0.0), ('Reinvestments', 0.0))",ARP_04.2020.pdf,"['Federal Reserve', 'Reinvestments']","['Federal Open Market Committee(FOMC)', 'Federal Reserve', 'Equity Markets', 'Financial Markets', 'Reinvestment']"
"[that] you March 20, 2024 Chair Powell’s Press Conference FINAL","(('', ''),)",FOMCpresconf20240320.pdf,[''],"['Chair', 'Powell', 'Press Conference']"
"March 20, 2024 Chair Powell’s Press Conference FINAL Page 2 of 24","(('', ''),)",FOMCpresconf20240320.pdf,[''],"['Chair', 'Powell', 'Press Conference']"
Participants commented that higher mortgage interest rates had no- tably restrained housing activity and that they expected housing activity to remain weak.,"(('Mortgage', -0.7), ('Interest Rates', -0.7), ('Expectation', -0.6), ('Economy', -0.5))",fomcminutes20221214.pdf,"['Mortgage', 'Interest Rates', 'Expectation', 'Economy']",['Mortgage']
"Well, I think we broadly think that, once [take-up at] the overnight","(('', ''),)",FOMCpresconf20240320.pdf,[''],['Overnight Rate']
"The path of the economy will depend signifi- cantly on the course of the virus, including pro- gress on vaccinations.","(('Pandemic', -0.2), ('Risk', -0.1), ('Expectation', -0.1))",fomcminutes20210317.pdf,"['Pandemic', 'Risk', 'Expectation']",['Pandemic']
"Such a devel- opment, if it materialized, would make it much more costly to bring inflation down to achieve the Commit- tee’s statutory objectives of maximum employment and price stability.","(('Inflation', -0.8), ('Price Stability', -0.7), ('Dual Mandate', -0.7), ('Risk', -0.8))",fomcminutes20221214.pdf,"['Inflation', 'Price Stability', 'Dual Mandate', 'Risk']","['maximum employment', 'Price Stability', 'Dual Mandate', 'Inflation', 'Transitory']"
Thank you for taking our questions.,"(('', ''),)",FOMCpresconf20240320.pdf,[''],[]
"Broad stock price indexes increased, on net, over the in- termeeting period, consistent with increased investor optimism about the economic outlook and the enact- ment of the ARP.","(('Equity Price',0.8),('Expectation',0.5),('Economy',0.33),('Fiscal Policy',0.8))",fomcminutes20210317.pdf,"['Equity Price', 'Expectation', 'Economy', 'Fiscal Policy']","['Economic outlook', 'Financial Markets']"
"How important is that higher transparency been in your view, both for the proper March 20, 2024 Chair Powell’s Press Conference FINAL Page 23 of 24 functioning of the central bank and also in accomplishing your mission?","(('Federal Reserve', 0),)",FOMCpresconf20240320.pdf,['Federal Reserve'],"['Powell', 'Chair']"
"It has applications in wholesale finance, in the payment system, and so we need—to serve the public—these issues have become very front burner in the last five or six years—we need to be knowledgeable about all that.","(('', ''),)",FOMCpresconf20240320.pdf,[''],['Banking System']
Bank credit data also indicate that the expansion in credit card balances con- tinued in October before slowing in early November.,"(('Credit', 0.6), ('Finance', 0.5), ('Economy', 0.4), ('Debt', 0.5))",fomcminutes20221214.pdf,"['Credit', 'Finance', 'Economy', 'Debt']",['Balance']
"Financing conditions for nonfinancial businesses in cap- ital markets remained broadly accommodative over the intermeeting period, supported by low interest rates and high equity valuations.","(('Interest Rates',0.8),('Equity Price',0.9),('Expectation',0.66))",fomcminutes20210317.pdf,"['Interest Rates', 'Equity Price', 'Expectation']","['Market Liquidity', 'Financial Markets', 'Finance', 'Bond Market', 'Money Market']"
(more) -2-,"(('', ''),)",monetary20231213a1.pdf,[''],[]
The Committee would be prepared to adjust the stance of monetary policy as appropriate if risks emerge that could impede the attainment of the Committee’s goals.,"(('Federal Reserve', 0.858), ('Monetary Policy', 0.82), ('Risk', 0.82),)",fomcminutes20221214.pdf,"['Federal Reserve', 'Monetary Policy', 'Risk']","['Monetary Policy', 'domestic policy directive', 'Federal Open Market Committee(FOMC)', 'Powell', 'Risk']"
"Members also remarked that the path of the economy would depend significantly on the course of the virus, including pro- gress on vaccinations.","(('Pandemic',0))",fomcminutes20210317.pdf,[],['Pandemic']
"But I would say that the story is really essentially the same and that is of inflation coming down gradually toward 2 percent on a sometimes-bumpy path, as I mentioned.","(('Inflation', 0.123),)",FOMCpresconf20240320.pdf,['Inflation'],"['Inflation', 'Price Stability']"
"David Altig, Executive Vice President, Federal Reserve Bank of Atlanta Roc Armenter, Vice President, Federal Reserve Bank of Philadelphia Kartik B. Athreya, Executive Vice President, Federal Reserve Bank of Richmond Penelope A. Beattie, Section Chief, Office of the Secretary, Board Daniel O. Beltran, Deputy Associate Director, Division of International Finance, Board Ellen J. Bromagen, First Vice President, Federal Reserve Bank of Chicago Jennifer J. Burns, Deputy Director, Division of Supervision and Regulation, Board Mark A. Carlson, Adviser, Division of Monetary Affairs, Board Todd E. Clark, Senior Vice President, Federal Reserve Bank of Cleveland Stephanie E. Curcuru, Deputy Director, Division of International Finance, Board Navtej S. Dhillon, Special Adviser to the Board, Division of Board Members, Board Burcu Duygan-Bump, Special Adviser to the Board, Division of Board Members, Board Rochelle M. Edge, Deputy Director, Division of Monetary Affairs, Board Matthew J. Eichner,2 Director, Division of Reserve Bank Operations and Payment Systems, Board Eric M. Engen, Senior Associate Director, Division of Research and Statistics, Board Eric C. Engstrom, Associate Director, Division of Monetary Affairs, Board 2 Attended through the discussion of developments in finan- cial markets and open market operations.","(('', ''),)",fomcminutes20221214.pdf,[''],"['Board', 'Powell', 'Federal Reserve', 'Chair', 'Reserves']"
Just give us a sense of your thinking there.,"(('', ''),)",FOMCpresconf20240320.pdf,[''],[]
But that’s what I had in mind.,"(('', ''),)",FOMCpresconf20240320.pdf,[''],[]
And what might that look like?,"(('', ''),)",FOMCpresconf20240320.pdf,[''],[]
"Overall, partici- pants assessed that there was considerable uncertainty around the consumer spending outlook.","(('Expectation', -0.5), ('Economy', -0.4))",fomcminutes20221214.pdf,"['Expectation', 'Economy']","['Uncertain', 'Expectation']"
"I said that any number of times, so those were kind of the main part of the message.","(('', ''),)",FOMCpresconf20240320.pdf,[''],[]
"As part of its policy decision, the Federal Open Market Committee voted to direct the Open Market Desk at the Federal Reserve Bank of New York, until instructed otherwise, to execute transactions in the System Open Market Account in accordance with the following domestic policy directive: ""Effective July 27, 2023, the Federal Open Market Committee directs the Desk to: o Undertake open market operations as necessary to maintain the federal funds rate in a target range of 5-1/4 to 5-1/2 percent.","(('Federal Reserve', 0.876), ('Interest Rates', 0.759),('Repurchase', """"))",ARP_07.2023.pdf,"['Federal Reserve', 'Interest Rates', 'Repurchase']","['Federal Open Market Committee(FOMC)', 'Federal Funds Target', 'Federal Funds Rate', 'SOMA', 'Board']"
"In assessing the appropriate stance of monetary policy, the Committee will continue to monitor the implications of incoming information for the economic outlook.","(('Federal Reserve', 0.824), ('Economy', 0.891),('Monetary Policy', 0))",fomcminutes20210317.pdf,"['Federal Reserve', 'Economy', 'Monetary Policy']","['Monetary Policy', 'Economic outlook', 'domestic policy directive', 'Powell', 'Federal Open Market Committee(FOMC)']"
"In fact, they were decreasing.","(('', ''),)",FOMCpresconf20240320.pdf,[''],[]
"A few participants remarked that the current configuration of nominal yields, with longer-term yields lower than shorter-term yields, had historically preceded recessions and hence bore watching.","(('Yields', -0.7), ('Risk', -0.7), ('Economy', -0.6))",fomcminutes20221214.pdf,"['Yields', 'Risk', 'Economy']","['Yields', 'Term Premium']"
We’ve always had dissents.,"(('', ''),)",FOMCpresconf20240320.pdf,[''],[]
"We do have people who are keeping up with that, as part of the broader payments landscape.","(('', ''),)",FOMCpresconf20240320.pdf,[''],['Credit']
Inflation remains somewhat elevated.,"(('Inflation', -0.72),)",monetary20250129a1.pdf,['Inflation'],"['Inflation', 'maximum employment', 'Price Stability', 'Transitory', 'Personal Consumption Expenditures (PCE)']"
A couple of participants noted that risks to the inflation outlook were becoming more balanced.,"(('Inflation', -0.745),)",fomcminutes20221214.pdf,['Inflation'],"['Inflation', 'Price Stability', 'Risk']"
"riod, reportedly reflecting a reassessment by market par-",,fomcminutes20210317.pdf,[],[]
"In assessing the appropriate stance of monetary policy, the Committee will continue to monitor the implications of incoming information for the economic outlook.","(('Federal Reserve', 0.831), ('Monetary Policy', 0.785), ('Economy', 0.891),)",ARP_07.2023.pdf,"['Federal Reserve', 'Monetary Policy', 'Economy']","['Monetary Policy', 'Economic outlook', 'domestic policy directive', 'Powell', 'Federal Open Market Committee(FOMC)']"
Staff Economic Outlook The U.S. economic projection prepared by the staff for the March FOMC meeting was considerably stronger than the January forecast.,"(('GDP',0.33),('Expectation',0.66）)",fomcminutes20210317.pdf,[],"['Economic outlook', 'Employment', 'Federal Open Market Committee(FOMC)', 'Economic outlook']"
But we’re talking about something that’s unexpected.,"(('', ''),)",FOMCpresconf20240320.pdf,[''],[]
More information regarding open market operations and reinvestments may be found on the Federal Reserve Bank of New York's website.,"(('Federal Reserve', 0),)， ('Reinvestments', 0))",ARP_07.2023.pdf,[],"['Federal Open Market Committee(FOMC)', 'Federal Reserve', 'Equity Markets', 'Reinvestment', 'Financial Markets']"
"But given that you said that PCE for February, 2.8 percent the estimate, and that we have been seeing PCE—core PCE coming down by a tenth of a percent every month, I mean, wouldn’t you be at about 2.4 percent this summer, June, July, to a point where you could cut then? CHAIR POWELL.","(('Inflation', -0.33),)",FOMCpresconf20240320.pdf,['Inflation'],"['Personal Consumption Expenditures (PCE)', 'Chair', 'Powell']"
So we make decisions meeting by meeting.,"(('', ''),)",FOMCpresconf20240320.pdf,[''],[]
"I mean, there’s a long list of things that we’ve done.","(('', ''),)",FOMCpresconf20240320.pdf,[''],[]
"After the transitory effects of these factors fade, however, partici- pants generally anticipated that annual inflation readings would edge down next year.","(('Inflation',-0.2),('Price Stability',-0.66))",fomcminutes20210317.pdf,"['Inflation', 'Price Stability']","['Transitory', 'Inflation']"
They also show somewhat stronger growth.,"(('', ''),)",FOMCpresconf20240320.pdf,[''],['Cyclically Sensitive Sectors']
"They judged that these asset purchases would help foster smooth market functioning and accommodative financial conditions, thereby supporting the flow of credit to households and businesses.","(('Securities',0),('Market Liquidity',0.8))",fomcminutes20210317.pdf,"['Securities', 'Market Liquidity']","['Credit', 'Mortgage-Backed Securities', 'Market Liquidity', 'Asset', 'Banking System']"
"Voting for the monetary policy action were Jerome H. Powell, Chair; John C. Williams, Vice Chair; Thomas I. Barkin; Michael S. Barr; Raphael W. Bostic; Michelle W. Bowman; Lisa D. Cook; Mary C. Daly; Philip N. Jefferson; Adriana D. Kugler; and Christopher J. Waller.","(('Monetary Policy', 0),)",monetary20241218a1.pdf,['Monetary Policy'],"['Powell', 'Chair', 'Board', 'domestic policy directive', 'Federal Reserve']"
"o Allow modest deviations from stated amounts for reinvestments, if needed for operational reasons.","((' Reinvestment', 0),)",monetary20231213a1.pdf,[' Reinvestment'],"['Reinvestment', 'Market Liquidity']"
So I think it’s generally broadly helped and made things better.,"(('', ''),)",FOMCpresconf20240320.pdf,[''],[]
Credit was readily available in the residential mortgage market for high-credit-score borrowers who met stand- ard conforming loan criteria.,"(('Credit', 0.7), ('Finance', 0.6), ('Economy', 0.5), ('Mortgage', 0.7))",fomcminutes20221214.pdf,"['Credit', 'Finance', 'Economy', 'Mortgage']","['Mortgage', 'Credit', 'Mortgage-Backed Securities']"
"So you need to check yourself on that, and I’ll do that.","(('', ''),)",FOMCpresconf20240320.pdf,[''],[]
"Several participants commented that the medians of participants’ assessments for the appropriate path of the federal funds rate in the Summary of Economic Pro- jections, which tracked notably above market-based Minutes of the Meeting of December 13–14, 2022 Page 9 _____________________________________________________________________________________________ measures of policy rate expectations, underscored the Committee’s strong commitment to returning inflation to its 2 percent goal.","(('Federal Funds Rate', 0.7), ('Expectation', 0.7), ('Inflation', 0.7), ('Federal Open Market Committee(FOMC)', 0.6))",fomcminutes20221214.pdf,"['Federal Funds Rate', 'Expectation', 'Inflation', 'Federal Open Market Committee(FOMC)']","['Federal Funds Target', 'Federal Funds Rate', 'Federal Open Market Committee(FOMC)', 'Monetary Policy']"
"In addition, the Committee will continue reducing its holdings of Treasury securities and agency debt and agency mortgage-backed securities, as described in its previously announced plans.","(('Federal Reserve', 0.462),)",ARP_07.2023.pdf,['Federal Reserve'],"['Mortgage-Backed Securities', 'Federal Open Market Committee(FOMC)', 'Treasury Securities', 'Board', 'Securities']"
The Committee would be prepared to adjust the stance of monetary policy as appropriate if risks emerge that could impede the attainment of the Committee’s goals.,"(('Federal Reserve', 0.877), ('Monetary Policy', 0.814),)",monetary20211103a1.pdf,"['Federal Reserve', 'Monetary Policy']","['Monetary Policy', 'domestic policy directive', 'Federal Open Market Committee(FOMC)', 'Powell', 'Risk']"
"With inflation staying persistently above the Commit- tee’s 2 percent goal and the labor market remaining very tight, all participants had raised their assessment of the appropriate path of the federal funds rate relative to their assessment at the time of the September meeting.","(('Inflation', -0.8), ('Labor Market', 0.4), ('Federal Funds Rate', 0.7), ('Expectation', 0.6))",fomcminutes20221214.pdf,"['Inflation', 'Labor Market', 'Federal Funds Rate', 'Expectation']","['Federal Funds Target', 'Federal Funds Rate', 'Monetary Policy', 'Federal Open Market Committee(FOMC)', 'domestic policy directive']"
"Credit continued to be generally available to businesses and households, but high borrowing costs appeared to weigh on financing volumes in many markets.","(('Interest Rates', -0.63), ('Economy', -0.62), ('Financial Markets', -0.60))",fomcminutes20221214.pdf,"['Interest Rates', 'Economy', 'Financial Markets']","['Credit', 'Debt', 'Money Market', 'Finance', 'Mortgage-Backed Securities']"
"In their discussion of monetary policy for this meeting, members agreed that recent indicators pointed to mod- est growth in spending and production.","(('Monetary Policy', 0.351), ('Growth', 0.351),)",fomcminutes20221214.pdf,"['Monetary Policy', 'Growth']","['domestic policy directive', 'Monetary Policy', 'Growth', 'Economic outlook', 'Fiscal Policy']"
o Reinvest into agency mortgage-backed securities (MBS),"(('', ''),)",ARP_07.2023.pdf,[''],"['Mortgage-Backed Securities', 'Reinvestment', 'Securities', 'Treasury Securities', 'Security holdings']"
"So you can have that if you have a continued supply-side activity that we had last year with—both with supply chains and also with, with growth in the size of the labor force.","(('', ''),)",FOMCpresconf20240320.pdf,[''],"['Cyclically Sensitive Sectors', 'Labor Market', 'maximum employment']"
o Increase holdings of Treasury securities and agency MBS by additional amounts as needed to sustain smooth functioning of markets for these securities.,"(('', ''),)",monetary20211103a1.pdf,[''],"['Treasury Securities', 'Securities', 'Security holdings', 'Reinvestment', 'Equity Markets']"
Page 2 Federal Open Market Committee _____________________________________________________________________________________________,"(('Federal Open Market Committee (FOMC)', 0.0))",fomcminutes20221214.pdf,[],"['Federal Open Market Committee(FOMC)', 'Federal Funds Target', 'Board']"
The war and related events were contributing to upward pressure on inflation and were weighing on global economic activity.,"(('War', -0.9), ('Inflation', -0.8), ('Economy', -0.7), ('Risk', -0.7))",fomcminutes20221214.pdf,"['War', 'Inflation', 'Economy', 'Risk']","['Inflation', 'War', 'Price Stability', 'Transitory']"
"Construction permits for single-family homes moved down, on net, over January and February, point-","(('Economy',-0.2),('Growth',-0.33))",fomcminutes20210317.pdf,"['Economy', 'Growth']",[]
"Improved U.S. economic growth prospects and opti- mism about the eventual lifting of social-distancing and related restrictions globally were major drivers of asset prices abroad, spurring sizable increases in sovereign Page 6 Federal Open Market Committee _____________________________________________________________________________________________ yields in advanced foreign economies.","(('Growth',0.8),('Expectation',0.33),('Yields',0.99),('Countries',0))",fomcminutes20210317.pdf,"['Growth', 'Expectation', 'Yields', 'Countries']","['Yields', 'Development', 'Countries']"
Brendan Pedersen with Punchbowl News.,"(('', ''),)",FOMCpresconf20240320.pdf,[''],[]
o Roll over at auction the amount of principal payments from the Federal Reserve's holdings of Treasury securities maturing in each calendar month that exceeds a cap of $25 billion per month.,"(('Federal Reserve', 0),('Treasury Securities',0),('Holdings',0))",monetary20241218a1.pdf,"['Federal Reserve', 'Treasury Securities', 'Holdings']","['Treasury Securities', 'auction', 'SOMA']"
"And so that channel is full, I would say.","(('', ''),)",FOMCpresconf20240320.pdf,[''],[]
"For 2023 as a whole, GDP expanded 3.1 percent, bolstered by strong consumer demand as well as improving supply conditions.","(('GDP', -0.929),)",FOMCpresconf20240320.pdf,['GDP'],"['Growth', 'GDP', 'Inflation', 'Economic outlook']"
"While delinquency rates on credit cards remained low relative to their historical range, those on auto loans surpassed their pre-pandemic peak.","(('Credit', -0.5), ('Finance', -0.5), ('Economy', -0.4), ('Debt', -0.5), ('Pandemic', -0.3))",fomcminutes20221214.pdf,"['Credit', 'Finance', 'Economy', 'Debt', 'Pandemic']",[]
We’re not trying for that.,"(('', ''),)",FOMCpresconf20240320.pdf,[''],[]
(more) -2-,"(('', ''),)",monetary20231213a1.pdf,[''],[]
"Notation Vote By notation vote completed on November 22, 2022, the Committee unanimously approved the minutes of the Committee meeting held on November 1–2, 2022. _______________________","(('Federal Reserve', 0.681),)",fomcminutes20221214.pdf,['Federal Reserve'],[]
"In their discussion following the Desk briefings, partici- pants noted that the ON RRP facility had been very ef- fective in establishing a firm floor for the federal funds rate and supporting monetary policy implementation.","(('Repurchase Agreement (ON RRP)',0.8),( 'Monetary Policy',0.66),('Federal Funds Rate',0.66))",fomcminutes20210317.pdf,"['Repurchase Agreement (ON RRP)', 'Monetary Policy', 'Federal Funds Rate']","['Overnight Reverse Repurchase Agreement (ON RRP)', 'Federal Funds Target']"
"Voting for this action: Jerome H. Powell, John C. Williams, Thomas I. Barkin, Raphael W. Bostic, Michelle W. Bowman, Lael Brainard, Richard H. Clarida, Mary C. Daly, Charles L. Evans, Randal K. Quarles, and Christopher J. Waller.","(('', ''),)",fomcminutes20210317.pdf,[''],"['Powell', 'Chair']"
All members affirmed that the Committee is strongly committed to returning inflation to its 2 percent objective.,"(('Inflation', -0.498),)",fomcminutes20221214.pdf,['Inflation'],"['Federal Open Market Committee(FOMC)', 'Dual Mandate']"
"Nominal goods exports in January nearly recovered to their level from a year earlier, with particular strength in exports of capital goods and industrial supplies.","(('Trade',0.5),('Growth',0.33),('Economy',0.33),('Pandemic',0))",fomcminutes20210317.pdf,"['Trade', 'Growth', 'Economy', 'Pandemic']","['GDP', 'Trade']"
"Minutes of the Federal Open Market Committee December 13–14, 2022 A joint meeting of the Federal Open Market Committee and the Board of Governors of the Federal Reserve Sys- tem was held in the offices of the Board of Governors on Tuesday, December 13, 2022, at 10:00 a.m. and con- tinued on Wednesday, December 14, 2022, at 9:00 a.m.1 Attendance Jerome H. Powell, Chair John C. Williams, Vice Chair Michael S. Barr Michelle W. Bowman Lael Brainard James Bullard Susan M. Collins Lisa D. Cook Esther L. George Philip N. Jefferson Loretta J. Mester Christopher J. Waller Charles L. Evans, Patrick Harker, Neel Kashkari, Lorie K. Logan, and Helen E. Mucciolo, Alternate Members of the Committee Thomas I. Barkin, Raphael W. Bostic, and Mary C. Daly, Presidents of the Federal Reserve Banks of Richmond, Atlanta, and San Francisco, respectively James A. Clouse, Secretary Matthew M. Luecke, Deputy Secretary Brian J. Bonis, Assistant Secretary Michelle A. Smith, Assistant Secretary Mark E. Van Der Weide, General Counsel Richard Ostrander, Deputy General Counsel Trevor A. Reeve, Economist Stacey Tevlin, Economist Beth Anne Wilson, Economist Shaghil Ahmed, Carlos Garriga, Joseph W. Gruber, and William Wascher, Associate Economists Patricia Zobel, Manager pro tem, System Open Market Account Jose Acosta, Senior Communications Analyst, Division of Information Technology, Board 1","(('Federal Open Market Committee (FOMC)', 0.0))",fomcminutes20221214.pdf,[],"['Chair', 'Federal Open Market Committee(FOMC)', 'Board', 'Powell', 'Federal Reserve', 'Chair', 'Powell', 'Powell', 'Chair', 'Board', 'Federal Reserve', 'Federal Open Market Committee(FOMC)']"
Are you still optimistic that you’ll get the confidence you need this year?,"(('', ''),)",FOMCpresconf20240320.pdf,[''],[]
"The survey-based estimate of the expected policy path in 2024 continued to suggest a decline in the target range for the federal funds rate over 2024, little changed from the path anticipated in the November survey.","(('Interest Rates', 0.10), ('Monetary Policy', 0.05), ('Federal Funds Rate', 0.10))",fomcminutes20221214.pdf,"['Interest Rates', 'Monetary Policy', 'Federal Funds Rate']","['Federal Funds Target', 'Expectation']"
"While we did not make any decisions today on this, the general sense of the Committee is that it will be appropriate to slow the pace of runoff fairly soon, consistent with the plans we previously issued.","(('Federal Reserve', 0.538),)",FOMCpresconf20240320.pdf,['Federal Reserve'],['Asset Runoff']
"For release at 2:00 p.m. EST December 13, 2023 Decisions Regarding Monetary Policy Implementation","(('Monetary Policy', 0.902),)",monetary20231213a1.pdf,['Monetary Policy'],"['domestic policy directive', 'Monetary Policy', 'Powell', 'Federal Reserve', 'SOMA']"
A number of participants indicated that the increases in market-based measures of inflation compensation from the very low levels of last spring were consistent with the view that inflation was likely to move along a path over time con- sistent with the Committee’s goals.,"(('Inflation',0.2),('Expectation',0))",fomcminutes20210317.pdf,"['Inflation', 'Expectation']","['Inflation', 'Price Stability', 'Transitory', 'Monetary Policy', 'Personal Consumption Expenditures (PCE)']"
"Moreover, the staff assumed a slower pace of decline in the natural rate of unemploy- ment over the near term in response to recent estimates suggesting that job-matching efficiency was not improv- ing as fast as previously anticipated.","(('Unemployment', -0.5), ('Expectation', -0.5), ('Labor Market', -0.5), ('Employment', -0.4), ('Economy', -0.4))",fomcminutes20221214.pdf,"['Unemployment', 'Expectation', 'Labor Market', 'Employment', 'Economy']","['HIRE', 'Unemployment']"
"In determining the extent of additional policy firming that may be appropriate to return inflation to 2 percent over time, the Committee will take into account the cumulative tightening of monetary policy, the lags with which monetary policy affects economic activity and inflation, and economic and financial developments.","(('Federal Reserve', 0.783), ('Inflation', 0.158), ('Monetary Policy', 0.883), ('Economy', 0.597),)",ARP_07.2023.pdf,"['Federal Reserve', 'Inflation', 'Monetary Policy', 'Economy']","['Monetary Policy', 'domestic policy directive', 'Inflation', 'Price Stability', 'SOMA']"
"So that’s something we’re watching, but we’re not seeing it.","(('', ''),)",FOMCpresconf20240320.pdf,[''],[]
No participants anticipated that it would be appropriate to begin reducing the federal funds rate target in 2023.,"(('Federal Funds Rate', -0.6), ('Expectation', -0.6), ('Monetary Policy', -0.5))",fomcminutes20221214.pdf,"['Federal Funds Rate', 'Expectation', 'Monetary Policy']",['Federal Funds Target']
And that’s what we want.,"(('', ''),)",FOMCpresconf20240320.pdf,[''],[]
"Jeffrey D. Walker,2 Associate Director, Division of Reserve Bank Operations and Payment Systems, Board Min Wei, Senior Associate Director, Division of Monetary Affairs, Board Paul R. Wood, Special Adviser to the Board, Division of Board Members, Board Rebecca Zarutskie, Special Adviser to the Board, Division of Board Members, Board Selection of Committee Officer By unanimous vote, the Committee selected Richard Ostrander to serve as deputy general counsel, effective December 13, 2022, until the first regularly scheduled meeting of the Committee in 2023.","(('', ''),)",fomcminutes20221214.pdf,[''],"['Chair', 'Powell', 'Board']"
"And the inflation data came in a little bit higher is a separate matter, and I think that caused people to write up their inflation.","(('Inflation', 0.589),)",FOMCpresconf20240320.pdf,['Inflation'],"['Inflation', 'Personal Consumption Expenditures (PCE)', 'Transitory', 'maximum employment']"
The Committee seeks to achieve maximum employment and inflation at the rate of 2 percent over the longer run.,"(('Federal Reserve', 0), ('Inflation', 0.33),('Employment',0.33))",monetary20241218a1.pdf,"['Federal Reserve', 'Inflation', 'Employment']","['maximum employment', 'Dual Mandate', 'Federal Open Market Committee(FOMC)', 'Inflation']"
Participants agreed that overall financial conditions were accommodative.,,fomcminutes20210317.pdf,[],"['Credit', 'Finance']"
We know that reducing policy restraint too soon or too much could result in a reversal of the progress we have seen on inflation and ultimately require even tighter policy to get inflation back to 2 percent.,"(('Inflation', -0.727),)",FOMCpresconf20240320.pdf,['Inflation'],"['Price Stability', 'Inflation', 'Monetary Policy', 'domestic policy directive', 'Dual Mandate']"
Participants generally observed that maintaining a re- strictive policy stance for a sustained period until infla- tion is clearly on a path toward 2 percent is appropriate from a risk-management perspective.,"(('Inflation', 0),)",fomcminutes20221214.pdf,['Inflation'],[]
A number of participants stressed that recently enacted fiscal sup- port would help address some of the hardships faced by these groups and that monetary policy would also help by promoting the economy’s return to the Committee’s goals of broad-based and inclusive maximum employ- ment and price stability.,"(('Fiscal Policy',0.8),('Monetary Policy',0.8),('Employment',0.66),('Price Stability',0.66))",fomcminutes20210317.pdf,"['Fiscal Policy', 'Monetary Policy', 'Employment', 'Price Stability']","['Fiscal Policy', 'Dual Mandate', 'Overnight Reverse Repurchase Agreement (ON RRP)']"
The war and related events are contributing to upward pressure on inflation and are weighing on global economic activity.,"(('Inflation', 0.029), ('Economy', 0.042), ('War', 0.112),)",fomcminutes20221214.pdf,"['Inflation', 'Economy', 'War']","['Inflation', 'War', 'Price Stability', 'Transitory', 'maximum employment']"
"The Committee’s assessments will take into account a wide range of information, including readings on public health, labor market conditions, inflation pressures and inflation expectations, and financial and international developments.","(('Federal Reserve', 0.799), ('Inflation', 0.9),)",monetary20211103a1.pdf,"['Federal Reserve', 'Inflation']",['Federal Open Market Committee(FOMC)']
Engage in dollar roll and coupon swap transactions as necessary to facilitate settle- ment of the Federal Reserve’s agency MBS transactions.”,"(('Mortgage-Backed Securities',0.6),('Balance Sheet',0.33),('Monetary Policy',0.33),('Market Liquidity',0.66))",fomcminutes20210317.pdf,"['Mortgage-Backed Securities', 'Balance Sheet', 'Monetary Policy', 'Market Liquidity']","['Digital Dollar', 'Treasury Securities', 'Federal Reserve', 'Monetary Policy', 'Interest on Excess Reserves (IOER)']"
"Manufacturing activity continued to gen- erally outperform activity in the services sector, and manufactured exports from China and some other Asian economies remained strong, especially to the United States.","(('Trade',0.66),('Growth',0.66),('Economy',0.33),('Expectation',0.33),('Countries',0.1))",fomcminutes20210317.pdf,"['Trade', 'Growth', 'Economy', 'Expectation', 'Countries']","['Cyclically Sensitive Sectors', 'Trade']"
A Summary of Eco- nomic Projections was released to the public following the conclusion of the meeting.,"(('Expectation', 0.3), ('Economy', 0.2))",fomcminutes20221214.pdf,"['Expectation', 'Economy']",['Economic outlook']
The Committee will closely monitor market conditions and is prepared to adjust its plans as appropriate.,"(('Federal Reserve', 0.10), ('Monetary Policy', 0.10), ('Federal Open Market Committee(FOMC)', 0.0), ('Economy', 0.0))",ARP_04.2020.pdf,"['Federal Reserve', 'Monetary Policy', 'Federal Open Market Committee(FOMC)', 'Economy']",['Federal Open Market Committee(FOMC)']
"With respect to the business sector, participants ob- served that business equipment investment had contin- ued to increase and that readings on new orders and shipments of capital goods remained strong.","(('Investment',1),('Growth',1),('Expectation',0.8))",fomcminutes20210317.pdf,"['Investment', 'Growth', 'Expectation']","['Cyclically Sensitive Sectors', 'Demand']"
"Nominal wage growth has been easing, and job vacancies have declined.","(('Employment', -0.033), ('Monetary Policy', -0.033),)",FOMCpresconf20240320.pdf,"['Employment', 'Monetary Policy']","['maximum employment', 'Unemployment', 'Labor Market', 'Average Hourly Earnings']"
Central bank com- munications signaling a slower pace of policy rate in- creases appeared to contribute to improved sentiment.,"(('Interest Rates', 0.38), ('Monetary Policy', 0.35))",fomcminutes20221214.pdf,"['Interest Rates', 'Monetary Policy']","['Monetary Policy', 'Federal Reserve']"
"Although the jobs-to- workers gap has narrowed, labor demand still exceeds the supply of available workers.","(('', ''),)",FOMCpresconf20240320.pdf,[''],"['Labor Market', 'Unemployment', 'maximum employment', 'Employment', 'HIRE']"
"And just in general, if labor supply continued to rebound in 2024, the way it did in 2023, what would stronger hiring and possibly stronger growth mean for the path forward on policy?","(('', ''),)",FOMCpresconf20240320.pdf,[''],"['HIRE', 'Labor Market', 'maximum employment', 'Cyclically Sensitive Sectors', 'Dual Mandate']"
"High inflation continued to contribute to a decline in real disposable incomes, which, together with disruptions to energy supplies, depressed economic activity, especially in Europe.","(('Inflation', -0.10), ('Energy Prices', -0.10), ('Economy', -0.10), ('Countries', 0.0))",fomcminutes20221214.pdf,"['Inflation', 'Energy Prices', 'Economy', 'Countries']","['Inflation', 'maximum employment', 'Transitory', 'Price Stability', 'Cyclically Sensitive Sectors']"
The Committee remains highly attentive to inflation risks.,"(('Federal Reserve', 0.305), ('Inflation', 0.305),)",ARP_07.2023.pdf,"['Federal Reserve', 'Inflation']","['Price Stability', 'maximum employment', 'Federal Open Market Committee(FOMC)']"
The invasion of Ukraine by Russia is causing tremendous human and economic hardship.,"(('Countries', -0.66), ('Economy', -0.75), ('War', -0.85))",monetary20220504a1.pdf,"['Countries', 'Economy', 'War']",[]
So that’s what we’re doing.,"(('', ''),)",FOMCpresconf20240320.pdf,[''],[]
I wouldn’t want to turn it back.,"(('', ''),)",FOMCpresconf20240320.pdf,[''],[]
They’ll react to the data.,"(('', ''),)",FOMCpresconf20240320.pdf,[''],[]
Participants also observed that residential construction continued to be solid and home Page 8 Federal Open Market Committee _____________________________________________________________________________________________,"(('Interest Rates',0),('Growth', 0.66))",fomcminutes20210317.pdf,"['Interest Rates', 'Growth']",[]
"Participants noted that in- dicators of economic activity and employment had turned up recently after a period of moderation, al- though the sectors most adversely affected by the pan- demic remained weak.","(('GDP',0.66),('Employment',0.66),('Pandemic',0),('Cyclically Sensitive Sectors',-0.33))",fomcminutes20210317.pdf,"['GDP', 'Employment', 'Pandemic', 'Cyclically Sensitive Sectors']","['Cyclically Sensitive Sectors', 'maximum employment']"
The Committee would be prepared to adjust the stance of monetary policy as appropriate if risks emerge that could impede the attainment of the Committee’s goals.,"(('Federal Reserve', 0.858),('Monetary Policy', 0))",fomcminutes20210317.pdf,"['Federal Reserve', 'Monetary Policy']","['Monetary Policy', 'domestic policy directive', 'Federal Open Market Committee(FOMC)', 'Powell', 'Risk']"
"Obviously, inflation is some ways away from target.","(('Inflation', -0.33),)",FOMCpresconf20240320.pdf,['Inflation'],"['Inflation', 'Price Stability', 'maximum employment', 'Monetary Policy', 'Transitory']"
"Against this background, participants continued to be highly attentive to inflation risks.","(('Inflation', -0.5), ('Risk', -0.6), ('Expectation', -0.4))",fomcminutes20221214.pdf,"['Inflation', 'Risk', 'Expectation']","['Inflation', 'Price Stability', 'Transitory', 'Personal Consumption Expenditures (PCE)', 'Risk']"
"Interest rates on new credit card offers to borrowers with prime credit scores continued to trend down, on net, through December.","(('Interest Rates',0.66),('Expectation',0.33))",fomcminutes20210317.pdf,"['Interest Rates', 'Expectation']","['Interest Rates', 'Federal Funds Rate', 'Federal Funds Target', 'Overnight Rate', 'Credit']"
Financing conditions in the residential mortgage market tightened somewhat over the intermeeting period but re- mained accommodative for stronger borrowers.,"(('Credit',-0.33),('Economy',-0.33),('Expectation',-0.1))",fomcminutes20210317.pdf,"['Credit', 'Economy', 'Expectation']","['Mortgage', 'Mortgage-Backed Securities', 'Money Market', 'Debt', 'Financial Stability']"
"And when I say something—I, I use the term “unexpected” weakening of the labor market.","(('Labor Market', -0.33),)",FOMCpresconf20240320.pdf,['Labor Market'],"['Labor Market', 'Uncertain', 'Unemployment', 'Transitory', 'HIRE']"
We’re very transparent.,"(('', ''),)",FOMCpresconf20240320.pdf,[''],[]
"o Allow modest deviations from stated amounts for reinvestments, if needed for operational reasons.","(('', ''),)",ARP_07.2023.pdf,[''],"['Reinvestment', 'Market Liquidity']"
"Yields for corporate bonds declined, while borrowing costs for leveraged loans remained at an ele- vated level.","(('Financial Markets', 0.0), ('Interest Rates', -0.21), ('Economy', -0.12), ('Yields', -0.25))",fomcminutes20221214.pdf,"['Financial Markets', 'Interest Rates', 'Economy', 'Yields']","['Debt', 'Bond Market']"
"Market-based measures of inflation compensation at the 5- and 10-year horizons had continued to move up over the intermeet- ing period, while survey-based measures of inflation ex-","(('Inflation',0.66))",fomcminutes20210317.pdf,[],"['Inflation', 'Price Stability', 'Transitory', 'Monetary Policy']"
I will have more to say about monetary policy after briefly reviewing economic developments.,"(('Monetary Policy', 0.839),)",FOMCpresconf20240320.pdf,['Monetary Policy'],"['Monetary Policy', 'domestic policy directive', 'Federal Reserve', 'Powell', 'Fiscal Policy']"
"(('Economy', -0.881),('Dual Mandate', 0))","(('Employment', 0.084),('Dual Mandate', 0))",FOMCpresconf20240320.pdf,"['Employment', 'Dual Mandate']",['Dual Mandate']
rates that were at or below zero in some cases.,"(('', ''),)",FOMCpresconf20240320.pdf,[''],['Overnight Rate']
Disorderly condi- tions in Treasury markets or a persistent rise in yields that could jeopardize progress toward the Committee’s goals were seen as cause for concern.,"(('Yields',-0.33),('Risk', -0.66))",fomcminutes20210317.pdf,"['Yields', 'Risk']","['Treasury Securities', 'Yields']"
"A couple of other par- ticipants, however, commented that excess savings, par- ticularly among low-income households, appeared to be lower and declining more rapidly than previously thought or that the savings, the majority of which ap- peared to be held by higher-income households, might continue to be largely unspent.","(('Expectation', -0.4), ('Economy', -0.4), ('Growth', -0.3))",fomcminutes20221214.pdf,"['Expectation', 'Economy', 'Growth']",[]
"2022 Decisions Regarding Monetary Policy Implementation The Federal Reserve has made the following decisions to implement the monetary policy stance announced by the Federal Open Market Committee in its statement on May 4, 2022:","(('Federal Reserve', 0.0), ('Monetary Policy', 0.0), ('Federal Open Market Committee (FOMC)', 0.0))",monetary20220504a1.pdf,"['Federal Reserve', 'Monetary Policy', 'Federal Open Market Committee (FOMC)']","['Powell', 'domestic policy directive', 'Federal Reserve', 'Monetary Policy', 'Chair']"
The Com- mittee is strongly committed to returning infla- tion to its 2 percent objective.,"(('inflation', 0), ('Federal Reserve', 0.858),)",fomcminutes20221214.pdf,"['inflation', 'Federal Reserve']",[]
"Page 24 of 24 when you testified before the Senate a couple weeks ago, you told lawmakers that you are “not far from receiving the confidence needed on inflation to begin cutting rates.”","(('Inflation', -0.59), ('Congress', 0.558))",FOMCpresconf20240320.pdf,"['Inflation', 'Congress']",[]
"Participants observed that labor market conditions had improved recently, as payroll employment registered strong gains in February and the unemployment rate fell to 6.2 percent.","(('Employment',0.99),('Unemployment',0.99),('Labor Market',0.66))",fomcminutes20210317.pdf,"['Employment', 'Unemployment', 'Labor Market']","['Labor Market', 'HIRE', 'Employment', 'Unemployment', 'Average Hourly Earnings']"
"However, flows into dedicated EME equity funds remained strong.","(('Equity Price',0.99),('Countries',0),('Expectation',0.33))",fomcminutes20210317.pdf,"['Equity Price', 'Countries', 'Expectation']",['Asset Runoff']
Risks to the economic outlook remain.,"(('Economy', 0.057), ('Risk', 0.057),)",monetary20211103a1.pdf,"['Economy', 'Risk']","['Risk', 'Economic outlook', 'Uncertain', 'Expectation', 'Financial Stability']"
ery.,,fomcminutes20210317.pdf,[],[]
"As part of its policy decision, the Federal Open Market Committee voted to authorize and direct the Open Market Desk at the Federal Reserve Bank of New York, until instructed otherwise, to execute transactions in the System Open Market Account in accordance with the following domestic policy directive: “Effective April 30, 2020, the Federal Open Market Committee directs the Desk to: o Undertake open market operations as necessary to maintain the federal funds rate in a target range of 0 to 1/4 percent.","(('Federal Reserve', 0.0), ('Interest Rates', 0.0), ('Monetary Policy', 0.0), ('Federal Open Market Committee (FOMC)', 0.0), ('Federal Funds Rate', 0.0))",ARP_04.2020.pdf,"['Federal Reserve', 'Interest Rates', 'Monetary Policy', 'Federal Open Market Committee (FOMC)', 'Federal Funds Rate']","['Federal Open Market Committee(FOMC)', 'Federal Funds Target', 'Federal Funds Rate', 'SOMA', 'Board']"
"In addition, members agreed that the ongoing public health crisis continued to weigh on economic activity, employment, and inflation and was posing considerable risks to the economic outlook.","(('Pandemic',0),('Risk',-0.8),('Economy',-0.8),('Employment',-0.8),('Inflation',-0.8))",fomcminutes20210317.pdf,"['Pandemic', 'Risk', 'Economy', 'Employment', 'Inflation']",['Pandemic']
"Participants cited the possibility that price pres- sures could prove to be more persistent than anticipated, due to, for example, the labor market staying tight for longer than anticipated.","(('Inflation', -0.7), ('Labor Market', 0.2), ('Expectation', -0.6), ('Risk', -0.7))",fomcminutes20221214.pdf,"['Inflation', 'Labor Market', 'Expectation', 'Risk']","['Uncertain', 'Expectation']"
"The meeting adjourned at 10:35 a.m. on December 14, 2022.","(('', ''),)",fomcminutes20221214.pdf,[''],[]
"Jon Faust, Senior Special Adviser to the Chair, Division of Board Members, Board Glenn Follette, Associate Director, Division of Research and Statistics, Board Joshua Gallin, Senior Special Adviser to the Chair, Division of Board Members, Board Jonathan E. Goldberg, Principal Economist, Division of Monetary Affairs, Board Erik A. Heitfield, Deputy Associate Director, Division of Research and Statistics, Board Valerie S. Hinojosa, Section Chief, Division of Monetary Affairs, Board Jane E. Ihrig, Special Adviser to the Board, Division of Board Members, Board Benjamin K. Johannsen, Section Chief, Division of Monetary Affairs, Board Michael T. Kiley, Deputy Director, Division of Financial Stability, Board Don H. Kim, Senior Adviser, Division of Monetary Affairs, Board Elizabeth K. Kiser, Associate Director, Division of Research and Statistics, Board Sylvain Leduc, Executive Vice President, Federal Reserve Bank of San Francisco Andreas Lehnert, Director, Division of Financial Stability, Board Paul Lengermann, Assistant Director, Division of Research and Statistics, Board Eric LeSueur,2 Policy and Market Monitoring Advisor, Federal Reserve Bank of New York Kurt F. Lewis, Special Adviser to the Board, Division of Board Members, Board Laura Lipscomb, Special Adviser to the Board, Division of Board Members, Board David López-Salido, Senior Associate Director, Division of Monetary Affairs, Board Jonathan P. McCarthy, Economic Research Advisor, Federal Reserve Bank of New York 3","(('', ''),)",fomcminutes20221214.pdf,[''],"['Powell', 'Board', 'Federal Reserve', 'Chair', 'SOMA']"
"Participants observed that the growth of economic ac- tivity had slowed significantly in 2022 from the previous year’s robust pace, partly in response to the Committee’s policy actions.","(('Economy', -0.6), ('Monetary Policy', -0.3), ('Federal Open Market Committee(FOMC)', -0.2))",fomcminutes20221214.pdf,"['Economy', 'Monetary Policy', 'Federal Open Market Committee(FOMC)']",[]
The Committee judges that the risks to achieving its employment and inflation goals continue to move into better balance.,"(('Federal Reserve', 0.627), ('Inflation', -0.891), ('Employment', -0.481),)",monetary20240731a1.pdf,"['Federal Reserve', 'Inflation', 'Employment']","['maximum employment', 'Balance', 'Dual Mandate']"
"They noted that following a moderation in the pace of the re- covery, indicators of economic activity and employment had turned up recently, although the sectors most ad- versely affected by the pandemic remained weak.","(('GDP',0.33),('Employment',0.33),('Cyclically Sensitive Sectors',-0.33),('Pandemic',0))",fomcminutes20210317.pdf,"['GDP', 'Employment', 'Cyclically Sensitive Sectors', 'Pandemic']","['Pandemic', 'Cyclically Sensitive Sectors']"
Equity markets moved higher.,"(('Economy', 0.40), ('Equity Markets', 0.20))",fomcminutes20221214.pdf,"['Economy', 'Equity Markets']","['Equity Markets', 'Financial Markets', 'Market Liquidity', 'Equity Price']"
"Consistent with the Committee’s decision to leave the target range for the federal funds rate unchanged, the Board of Governors voted unanimously to leave the in- terest rates on required and excess reserve balances at 0.10 percent.","(('Federal Reserve', 0.813), ('Interest Rates', 0.625),('Balance', 0))",fomcminutes20210317.pdf,"['Federal Reserve', 'Interest Rates', 'Balance']","['Federal Funds Target', 'Federal Funds Rate', 'Board', 'Federal Open Market Committee(FOMC)', 'Interest on Excess Reserves (IOER)']"
"In support of these goals, the Committee decided to raise the target range for the federal funds rate to 5-1/4 to 5-1/2 percent.","(('Federal Reserve', 0.263), ('Interest Rates', 0.503),)",ARP_07.2023.pdf,"['Federal Reserve', 'Interest Rates']","['Federal Funds Target', 'Federal Open Market Committee(FOMC)', 'Federal Funds Rate']"
"Well, you’ve talked about the desire to have confidence that inflation is continually moving down.","(('Inflation', -0.057),)",FOMCpresconf20240320.pdf,['Inflation'],"['Price Stability', 'Uncertain', 'Inflation', 'Transitory', 'Monetary Policy']"
"Participants also discussed re- ports of shortages in materials, key intermediate inputs, and labor as well as bottlenecks in shipping.","(('Supply Chain',-0.99),('Labor Market',-0.33))",fomcminutes20210317.pdf,"['Supply Chain', 'Labor Market']",['Demand']
"Following the discussion, the Chair noted the potential for downward pressure on money market rates and sug- gested that, should undue downward pressure on over- night rates emerge, it might be appropriate to implement adjustments to administered rates at upcoming meetings or even between meetings to support effective policy im- plementation and ensure that the federal funds rate re- mains well within the target range.","(( 'Money Market',-0.66),('Overnight Rate',-0.66),('Monetary Policy',0.66),('Federal Funds Rate',0.66))",fomcminutes20210317.pdf,"['Money Market', 'Overnight Rate', 'Monetary Policy', 'Federal Funds Rate']","['Federal Funds Rate', 'Federal Funds Target', 'Overnight Reverse Repurchase Agreement (ON RRP)', 'Monetary Policy', 'domestic policy directive']"
"The $30 billion limit had been established a number of years ago, and the amount of credit intermediated through money markets had grown substantially since then.","(('Money Market',0.66)",fomcminutes20210317.pdf,[],"['Credit', 'Money Market']"
The Committee (more) -2- would be prepared to adjust the stance of monetary policy as appropriate if risks emerge that could impede the attainment of the Committee’s goals.,"(('Federal Reserve', 0.848), ('Monetary Policy', 0.824),)",ARP_07.2023.pdf,"['Federal Reserve', 'Monetary Policy']","['Powell', 'Federal Open Market Committee(FOMC)', 'Monetary Policy', 'domestic policy directive', 'Federal Funds Target']"
JENNIFER SCHONBERGER.,"(('', ''),)",FOMCpresconf20240320.pdf,[''],[]
Inflation continues to run below 2 per- cent.,"(('Inflation',-0.66))",fomcminutes20210317.pdf,[],"['Inflation', 'Price Stability', 'maximum employment', 'Monetary Policy', 'Personal Consumption Expenditures (PCE)']"
"In recent months, there has been some further progress toward the Committee’s 2 percent inflation objective.","(('Federal Reserve', -0.867), ('Inflation', -0.561),)",monetary20240731a1.pdf,"['Federal Reserve', 'Inflation']","['Inflation', 'Price Stability']"
"Jeanna Smialek, the New York Times.","(('', ''),)",FOMCpresconf20240320.pdf,[''],[]
"You know, we saw—that’s been a question for a while.","(('', ''),)",FOMCpresconf20240320.pdf,[''],[]
"The longer-run projections represented each participant’s assessment of the rate to which each variable would be expected to converge, over time, un- der appropriate monetary policy and in the absence of further shocks to the economy.","(('Expectation',0),('Monetary Policy',0.2),('Risk',0))",fomcminutes20210317.pdf,"['Expectation', 'Monetary Policy', 'Risk']","['Economic outlook', 'Monetary Policy', 'domestic policy directive']"
(more) -2-,"(('', ''),)",monetary20250507a1.pdf,[''],[]
Page 20 of 24 balance sheet constant and allow nonreserve liabilities to expand.,"(('Balance Sheet', 0),)",FOMCpresconf20240320.pdf,['Balance Sheet'],"['Balance Sheet', 'Balance', 'Maturity', 'Asset Runoff']"
Several par- ticipants judged that the support provided by the ARP could improve the financial positions of small firms that had been adversely affected by the pandemic.,"(('Fiscal Policy',0.8),('Pandemic',0))",fomcminutes20210317.pdf,"['Fiscal Policy', 'Pandemic']",[]
"Following the transitory increase this year, inflation was projected to run a bit below 2 percent next year and then to reach 2 percent by 2023, reflecting tight resource utilization in product and labor markets.","(('Inflation',0.66),('Labor Market',0.66),('Expectation',0.66),('Price Stability',0.2))",fomcminutes20210317.pdf,"['Inflation', 'Labor Market', 'Expectation', 'Price Stability']","['Inflation', 'Transitory', 'Price Stability', 'maximum employment']"
o Conduct overnight reverse repurchase agreement operations at an offering rate of 0.00 percent and with a per-counterparty limit of $30 billion per day; the per-counterparty limit can be temporarily increased at the discretion of the Chair.,"(('Interest Rates', 0.0), ('Monetary Policy', 0.0))",ARP_04.2020.pdf,"['Interest Rates', 'Monetary Policy']","['repurchase agreement', 'Overnight Rate', 'Repurchase Agreement (repo) Rates']"
"Goods imports in January were much higher than a year earlier, with continued gains in most categories.","(('Trade',0.8),('Demand',0.33),('Growth',0.66),('Economy',0.33))",fomcminutes20210317.pdf,"['Trade', 'Demand', 'Growth', 'Economy']",['Trade']
Weaker demand and significantly lower oil prices are holding down consumer price inflation.,"(('Economy', -0.33), ('Demand', -0.66), ('Energy Prices', -0.33), ('Consumer Price Inflation', -0.66))",ARP_04.2020.pdf,"['Economy', 'Demand', 'Energy Prices', 'Consumer Price Inflation']","['Price Stability', 'Inflation', 'Energy Prices', 'Demand', 'maximum employment']"
I just think it’s something we need to be—we need to understand.,"(('', ''),)",FOMCpresconf20240320.pdf,[''],[]
But I think there’s tremendous uncertainty around that.,"(('', ''),)",FOMCpresconf20240320.pdf,[''],['Uncertain']
"Consequently, participants judged that the current stance of policy and policy guidance remained appropriate to foster further economic recovery as well as to achieve inflation that av-","(('Monetary Policy',0.99),('Inflation',0.5),('Expectation',0.5),('Growth', 0.5))",fomcminutes20210317.pdf,"['Monetary Policy', 'Inflation', 'Expectation', 'Growth']","['domestic policy directive', 'Price Stability', 'Inflation', 'Monetary Policy', 'Economic outlook']"
